word,Seed,form,definition,definition_2,etymology,example,origin
pulchritude,Exotic,noun,The quality of being physically beautiful or attractive (specifically about physical appearance),,"From Latin pulchritudo, from pulcher ‘beautiful’.",The pulchritude of the landscape left us speechless.,Latin
recalcitrant,Exotic,adjective,Showing strong resistance to authority or conventional behavior,,"From Latin recalcitrant-, ‘kicking out with the heels’.",The recalcitrant student refused to comply with the rules.,Latin
antediluvian,Exotic,adjective,Ridiculously old-fashioned; of or belonging to the time before the biblical Flood.,So old or old-fashioned as to appear to belong to a former age,From Latin ante ‘before’ + diluvium ‘flood’.,He still uses antediluvian methods in his research.,Latin
obsequious,Exotic,adjective,Obedient or attentive to an excessive or servile degree.,,"From Latin obsequiosus, from obsequium ‘compliance’.",The waiter's obsequious manner was a bit much for the guests.,Latin
obdurate,Exotic,adjective,Stubbornly refusing to change one's opinion or course of action.,"Impervious to persuasion, especially to moral persuasion","From Latin obduratus, past participle of obdurare ‘harden’.","He remained obdurate, refusing to alter his decision.",Latin
perspicacity,Exotic,noun,A ready insight into and understanding of things.,,"From Latin perspicax, perspicac- ‘seeing clearly’.",Her perspicacious mind quickly grasped the complexities of the problem.,Latin
impecunious,Exotic,adjective,Chronically lacking in money; habitually without funds,,"From Latin impecuniosus, from in- ‘not’ + pecunia ‘money’.",He was a gifted but impecunious painter.,Latin
unctuous,Exotic,adjective,(Of a person) excessively or ingratiatingly flattering; oily.,Having a greasy or soapy feel (when referring to substances),"From late Latin unctuosus, from unctus ‘anointing’.",He seemed unctuous and insincere.,Latin
legerdemain,Exotic,noun,Skillful use of one's hands when performing conjuring tricks.,Clever trickery or deceptive maneuvering in politics or business,From French léger de main ‘light of hand’.,The magician's legerdemain amazed the audience.,French
aporia,Exotic, noun      ,"An irresolvable internal contradiction or logical disjunction in a text, argument, or theory                                                                                                                                                                                                                                                                                                                                                                                                                                                                                                                                                                                                                                                                                                                                                                                                                                                                                                         ",,"From Greek aporia ""difficulty, perplexity"", from aporos ""impassable"", from a- ""without"" + poros ""passage"".",,Greek
bilious,Exotic,adjective,"spiteful, bad-tempered",Affected by or associated with nausea or vomiting,"From Latin biliosus, from bilis ""bile"". Originally referred to an excess of bile, thought to cause irritability.",,Latin
lugubrious,Exotic,adjective,Looking or sounding sad and dismal.,Characterized by excessive or exaggerated sadness,"From Latin lugubris ""mournful"", from lugere ""to mourn"".",,Latin
patois,Exotic,noun,A regional dialect of a language; jargon or cant.,The specialized vocabulary of a particular profession or group,"From French, literally ""rough speech"", from Old French patoier ""to handle clumsily"", from pate ""paw"".",,French
asperity,Exotic,noun,Harshness of tone or manner; severity of character or attitude.,Roughness of manner; harshness of temper,"From Latin asperitas, from asper ""rough"".",,Latin
elide,Exotic,verb,Omit (a sound or syllable) when speaking; join together; merge.,To omit or strike out (a sound or syllable) in pronunciation,"From Latin elidere ""to strike out"", from e- ""out"" + laedere ""to strike"".",,Latin
recondite,Exotic,adjective,(of a subject or knowledge) little known,,"From Latin reconditus ""hidden, concealed"", past participle of recondere, from re- ""back"" + condere ""to put together"".",,Latin
avuncular,Exotic,adjective,kind and friendly toward a younger or less experienced person.,,"From Latin avunculus ""maternal uncle"", diminutive of avus ""grandfather"".",,Latin
assiduous,Exotic,adjective,"Showing great care, attention, and effort.",,"From Latin assiduus ""constant"", from assidere ""to sit down to"", from ad- ""to"" + sedere ""to sit"".",,Latin
pugnacious,Exotic,adjective,"Eager or quick to argue, quarrel, or fight.",,"From Latin pugnax, pugnac- ""combative"", from pugnare ""to fight"".",,Latin
puerile,Exotic,adjective,Childishly silly and trivial.,,"From Latin puerilis, from puer ""child"".",,Latin
potentate,Exotic,noun,"A monarch or ruler, especially an autocratic one.",,"From late Latin potentatus ""political power"", from Latin potens, potent- ""powerful"".",,Latin
inchoate,Exotic,adjective,Just begun and so not fully formed or developed; rudimentary.,,"From Latin inchoatus, past participle of inchoare ""to begin"".",,Latin
execrable,Exotic,adjective,Extremely bad or unpleasant.,,"From Latin execrabilis, from execrari ""to curse"", from ex- ""out"" + sacrare ""to consecrate"".",,Latin
diaphanous,Exotic,adjective,"(Especially of fabric) light, delicate, and translucent.",,"From medieval Latin diaphanus, from Greek diaphanēs ""transparent"", from dia ""through"" + phainein ""to show"".",,Greek
indolent,Exotic,adjective,Wanting to avoid activity or exertion; lazy.,,"From Latin indolent-, from in- ""not"" + dolere ""suffer pain"".",,Latin
salacious,Exotic,adjective,Having or conveying undue or inappropriate interest in sexual matters.,,"From Latin salax, salac- ""lustful"", from salire ""to leap"".",,Latin
genuflect,Exotic,verb,"Lower one's body briefly by bending one knee to the ground, typically in worship or as a sign of respect; show deference or servility.",,"From Latin genuflectere, from genu ""knee"" + flectere ""to bend"".",,Latin
lachrymose,Exotic,adjective,Tearful or given to weeping; inducing tears.,,"From Latin lacrimosus, from lacrima ""tear"".",,Latin
inveigle,Exotic,verb,Persuade (someone) to do something by means of deception or flattery.,,"From French aveugler ""to blind"", from Old French, from a- (from Latin ad- ""to"") + aveugle ""blind"".",,French
truancy,Exotic,noun,The action of staying away from school without good reason; absenteeism.,,"From truant, from Old French truant ""beggar, rogue"", probably from Celtic.",,French
lacuna,Exotic,noun,An unfilled space or interval; a gap; a missing portion in a book or manuscript.,,"From Latin lacuna ""pool, gap"", from lacus ""pool"".",,Latin
pugilist,Exotic,noun,"A boxer, especially a professional one.",,"From Latin pugil ""boxer"", related to pugnus ""fist"".",,Latin
palimpsest,Exotic,noun,A manuscript or piece of writing material on which the original writing has been effaced to make room for later writing but of which traces remain.,,"From Greek palimpsēstos, from palin ""again"" + psēstos ""rubbed smooth"".",,Greek
anathema,Exotic,noun,"Something or someone that one vehemently dislikes; a formal curse by a pope or a council of the Church, excommunicating a person or denouncing a doctrine.",,"From Greek anathema ""a thing devoted"", in later Greek ""a thing accursed"".",,Greek
parochial,Exotic,adjective,Having a limited or narrow outlook or scope; relating to a church parish.,,"From Late Latin parochialis, from parochia ""parish"", from Greek paroikia ""dwelling beside or near"".",,Greek
adventitious,Exotic,adjective,Coming from outside; not native; associated by chance rather than design.,,"From Latin adventicius ""coming from abroad"", from adventus, past participle of advenire ""to come to"".",,Latin
lassitude,Exotic,noun,A state of physical or mental weariness; lack of energy.,,"From Latin lassitudo, from lassus ""tired"".",,Latin
gravid,Exotic,adjective,Pregnant; full of meaning or a specified quality.,,"From Latin gravidus ""pregnant"", from gravis ""heavy"".",,Latin
antebellum,Exotic,adjective,"Occurring or existing before a particular war, especially the American Civil War.",,"From Latin ante ""before"" + bellum ""war"".",,Latin
orotund,Exotic,adjective,"(Of the voice or speech) full, round, and imposing; pompous.",,"From Latin ore rotundo ""with round mouth"", from os, or- ""mouth"" + rotundus ""round"".",,Latin
temerity,Exotic,noun,Excessive confidence or boldness; audacity.,,"From Latin temeritas, from temere ""rashly"".",,Latin
peremptory,Exotic,adjective,"Insisting on immediate attention or obedience, especially in a brusquely imperious way.",,"From Latin peremptorius ""deadly, decisive"", from perempt- ""destroyed"", from the verb perimere, from per- ""completely"" + emere ""take, buy"".",,Latin
sardonic,Exotic,adjective,Grimly mocking or cynical.,,"From French sardonique, from Latin sardonius, from Greek sardonios, possibly from a plant from Sardinia which was said to produce facial convulsions resembling a grin.",,Greek
staid,Exotic,adjective,"Sedate, respectable, and unadventurous.",,"Past participle of archaic stay ""to support"", from Middle English steyen, from Old French estayer, from estaye ""a prop"".",,French
blithe,Exotic,adjective,Showing a casual and cheerful indifference considered to be callous or improper; happy or joyous.,,"From Old English bliþe ""joyful, kind, gentle, pleasant"", of Germanic origin.",,Old English
philistine,Exotic,noun,"A person who is hostile or indifferent to culture and the arts, or who has no understanding of them.",,"From Philistine, a member of an ancient people of southern Palestine, regarded in the Bible as hostile to the Israelites.",,Other
perdition,Exotic,noun,A state of eternal punishment and damnation into which a sinful and unpenitent person passes after death.,,"From Latin perditio(n-), from perdere ""to destroy"", from per- ""completely"" + dare ""to give"".",,Latin
contrite,Exotic,adjective,Feeling or expressing remorse or penitence; affected by guilt.,,"From Latin contritus ""worn out, ground down"", from the verb conterere, from con- ""together"" + terere ""to rub"".",,Latin
indolence,Exotic,noun,Avoidance of activity or exertion; laziness.,,"From Latin indolentia ""freedom from pain"", from in- ""not"" + dolere ""suffer pain"".",,Latin
supercilious,Exotic,adjective,Behaving or looking as though one thinks one is superior to others.,,"From Latin superciliosus ""haughty"", from supercilium ""eyebrow"" (as raised in arrogance).",,Latin
venal,Exotic,adjective,Showing or motivated by susceptibility to bribery; corrupt.,,"From Latin venalis ""for sale"", from venum ""sale"".",,Latin
prurient,Exotic,adjective,"having or encouraging an excessive interest in sexual matters, especially the sexual activity of others",,"From Latin prurient- ""itching, longing"", from the verb prurire.",,Latin
simulacrum,Exotic,noun,an image or representation of someone or something,,"From Latin simulacrum ""likeness, image"", from simulare ""to copy, represent"".",,Latin
lambent,Exotic,adjective,"glowing, gleaming or flickering with a soft radiance",,"From Latin lambent-’licking’, from the verb lambere",,Latin
abstemious,Exotic, adjective ," Not self-indulgent, especially when eating or drinking                                                                                                                                                                                                                                                                                                                                                                                                                                                                                                                                                                                                                                                                                                                                                                                                                                                                                                                                               ",,"From Latin abstemius, from ab- ""away from"" + stem of temetum ""intoxicating drink"".",,Latin
mendacious,Exotic,adjective,Not telling the truth; lying.,Given to or characterized by lying,"From Latin mendax, mendac- ‘lying’.",Mendacious politicians are nothing new.,Latin
histrionic,Exotic,adjective,Excessively theatrical or dramatic in character or style.,Deliberately affected or theatrical,From Latin histrionicus ‘pertaining to actors’.,His histrionic outburst shocked everyone.,Latin
ebullient,Exotic,adjective,Cheerful and full of energy.,Bubbling with enthusiasm or excitement,"From Latin ebullient-, from ebullire ‘bubble out’.",She was ebullient about her new job.,Latin
fatuous,Exotic,adjective,Silly and pointless.,Foolishly vacant or stupid,From Latin fatuus ‘foolish’.,Don't badger people with fatuous questions.,Latin
blandishment,Exotic,noun,A flattering or pleasing statement or action used to persuade someone gently to do something.,Speech or action that flatters and tends to coax,"From French blandissement, from blandir ‘to flatter’.",She used every blandishment to get her way.,French
abrogate,Exotic,verb,"To repeal or do away with (a law, right, or formal agreement).",To abolish by authoritative action,"From Latin abrogat-, from abrogare ‘repeal’.",The treaty was abrogated in 1929.,Latin
kismet,Exotic,noun,Destiny; fate.,,"From Turkish, from Arabic qisma ‘division, portion, fate’.",It was kismet that they met that day.,Arabic
verisimilitude,Exotic,noun,The appearance of being true or real.,,"From Latin verisimilitudo, from verus ‘true’ + similis ‘like’.",The novel's verisimilitude made the story all the more compelling.,Latin
obstreperous,Exotic,adjective,Noisy and difficult to control.,,"From Latin obstreperus, from ob- ‘against’ + strepere ‘make a noise’.",The obstreperous crowd refused to settle down despite repeated warnings.,Latin
laconic,Exotic,adjective,Using very few words.,,"From Greek Lakōnikos, referring to the Spartans, who were known for their terse speech.",Her laconic reply left everyone in the room puzzled.,Greek
cogent,Exotic,adjective,"(Of an argument or case) clear, logical, and convincing.",,"From Latin cogent-, from cogere ‘drive together’.",She presented a cogent argument for the new policy.,Latin
trenchant,Exotic,adjective,Vigorous or incisive in expression or style.,,"From Old French trenchant, from trencher ‘to cut’.",His trenchant remarks cut through the confusion.,French
bifurcate,Exotic,verb,Divide into two branches or forks.,,"From late Latin bifurcatus, past participle of bifurcare, from bi- ""two"" + furca ""fork"".",,Latin
dissemble,Exotic,verb,Conceal or disguise one's true feelings or beliefs.,,"From Latin dissimulare ""to disguise or conceal"", from dis- ""apart"" + simulare ""to copy, represent"".",,Latin
piquancy,Exotic,noun,The quality of being pleasantly stimulating or exciting.,,"From French piquant ""pricking"", present participle of piquer ""to prick"".",,French
gestalt,Exotic,noun,An organized whole that is perceived as more than the sum of its parts.,,"From German Gestalt ""shape, form"".",,German
quixotic,Rare,adjective,Exceedingly idealistic; unrealistic and impractical.,Caught up in the romance of noble deeds and the pursuit of unreachable goals,"From Don Quixote, the hero of a romance by Cervantes, noted for his idealism and chivalrous but impractical behavior.",His plans to build a utopia were as quixotic as they were ambitious.,Other
circumscribe,Rare,verb,Restrict (something) within limits.,To draw a line around; to encircle completely,"From Latin circumscribere, from circum ‘around’ + scribere ‘write’.",The rules circumscribe the powers of the committee.,Latin
ephemeral,Rare,adjective,Lasting for a very short time.,Lasting only one day (especially of insects or flowers),From Greek ephēmeros ‘lasting only a day’.,Fame in the world of pop music can be ephemeral.,Greek
obfuscate,Rare,verb,"To render obscure, unclear, or unintelligible.",To make so confused or opaque as to be difficult to perceive or understand,"From Latin obfuscat-, ‘darkened’, from the verb obfuscare.",The report was written in a way that would obfuscate the real issues.,Latin
sagacious,Rare,adjective,Having or showing keen mental discernment and good judgment; wise or shrewd.,Having or showing acute mental discernment and keen practical sense,"From Latin sagax, sagac- ‘wise’.",The sagacious leader guided the country through difficult times.,Latin
mellifluous,Rare,adjective,(Of a voice or words) sweet or musical; pleasant to hear.,Having a smooth rich flow (especially of sound),"From Latin mellifluus, from mel ‘honey’ + fluere ‘to flow’.",She spoke in a mellifluous voice that captivated the audience.,Latin
ineffable,Rare,adjective,Too great or extreme to be expressed or described in words.,Too sacred to be uttered; forbidden to be spoken,"From Latin ineffabilis, from in- ‘not’ + effabilis ‘able to be expressed’.",The beauty of the sunset was ineffable.,Latin
soporific,Rare,adjective,Tending to induce drowsiness or sleep.,A drug or other substance that induces sleep,"From French soporifique, from Latin sopor ‘sleep’.",The professor's soporific lecture made it hard to stay awake.,Latin
vociferous,Rare,adjective,Vehement or clamorous.,Expressing feelings or opinions in a very loud or forceful way,"From Latin vociferari, from vox ‘voice’ + ferre ‘carry’.",The vociferous crowd cheered for their team.,Latin
equanimity,Rare,noun,"Mental calmness, composure, and evenness of temper, especially in a difficult situation.",The quality of being calm and even-tempered,"From Latin aequanimitas, from aequus ‘equal’ + animus ‘mind’.",She accepted the bad news with remarkable equanimity.,Latin
sycophant,Rare,noun,A person who acts obsequiously toward someone important in order to gain advantage.,One who attempts to win favor by flattering influential people,"From Greek sukophantes, originally ‘informer’.",The office sycophant was always flattering the boss.,Greek
taciturn,Rare,adjective,Reserved or uncommunicative in speech; saying little.,Temperamentally disinclined to talk,"From Latin taciturnus, from tacere ‘be silent’.","He was a taciturn man, but his actions spoke volumes.",Latin
quandary,Rare,noun,A state of perplexity or uncertainty over what to do in a difficult situation.,A puzzling predicament,"Origin unknown, first recorded in the late 16th century.",She was in a quandary about whether to accept the offer.,Other
enervate,Rare,verb,To cause (someone) to feel drained of energy; weaken.,,"From Latin enervatus, from e- (variant of ex-) ‘out of’ + nervus ‘sinew’.",The hot sun enervated her to the point of collapse.,Latin
intransigent,Rare,adjective,Unwilling or refusing to change one's views or to agree about something.,,"From French intransigeant, from Spanish intransigente.",The negotiations broke down due to both sides being intransigent.,French
ubiquitous,Rare,adjective,"Present, appearing, or found everywhere.",,"From modern Latin ubiquitas, from Latin ubique ‘everywhere’.",Smartphones have become ubiquitous in modern society.,Latin
vicissitude,Rare,noun,"A change of circumstances or fortune, typically one that is unwelcome or unpleasant.",A difficulty or hardship attendant on a way of life or career,"From Latin vicissitudo, from vicissim ‘by turns’.",He endured the vicissitudes of a turbulent career.,Latin
zephyr,Rare,noun,A soft gentle breeze.,A lightweight fabric or garment,"From Greek Zephuros, god of the west wind.",A zephyr cooled the hot summer air.,Greek
apocryphal,Rare,adjective,"(Of a story or statement) of doubtful authenticity, although widely circulated as being true.",Being of questionable authenticity,From Greek apokruphos ‘hidden’.,The story of the haunted house is probably apocryphal.,Greek
demagogue,Rare,noun,A political leader who seeks support by appealing to popular desires and prejudices rather than by using rational argument.,A leader who makes use of popular prejudices and false claims and promises,"From Greek dēmagōgos, from dēmos ‘people’ + agōgos ‘leading’.",The demagogue stirred up the crowd with fiery rhetoric.,Greek
fastidious,Rare,adjective,Very attentive to and concerned about accuracy and detail.,"Reflecting a meticulous, sensitive, or demanding nature","From Latin fastidiosus, from fastidium ‘loathing’.",He chooses his words with fastidious care.,Latin
garrulous,Rare,adjective,"Excessively talkative, especially on trivial matters.",Given to excessive and often trivial or rambling talk,"From Latin garrulus, from garrire ‘to chatter’.",The garrulous host kept the guests entertained all night.,Latin
harangue,Rare,noun,A lengthy and aggressive speech.,To deliver a pompous or aggressive speech,"From Italian aringa, from aringare ‘to speak in public’.",He delivered a harangue about the evils of the media.,Italian
iconoclast,Rare,noun,A person who attacks cherished beliefs or institutions.,One who attacks cherished beliefs or institutions,"From Greek eikonoklastēs, from eikōn ‘image’ + klan ‘to break’.",The artist was known as an iconoclast in the art world.,Greek
juxtapose,Rare,verb,To place or deal with close together for contrasting effect.,,"From French juxtaposer, from Latin juxta ‘next’ + French poser ‘to place’.",The exhibition juxtaposes modern art with classical sculpture.,Latin
lucid,Rare,adjective,Expressed clearly; easy to understand.,Having full use of ones mental faculties; sane,"From Latin lucidus, from lucere ‘shine’.",She gave a lucid account of the events.,Latin
nefarious,Rare,adjective,(Typically of an action or activity) wicked or criminal.,Utterly wicked or evil,"From Latin nefarius, from nefas ‘wrong, crime’.",The nefarious activities of the organized-crime syndicates were widely reported.,Latin
paragon,Rare,noun,A person or thing regarded as a perfect example of a particular quality.,A perfect diamond of 100 carats or more,"From Old French paragon, from Italian paragone ‘touchstone’.",She is a paragon of virtue.,French
rancor,Rare,noun,"Bitterness or resentfulness, especially when long-standing.",Deep-seated ill will or hatred,From Latin rancor ‘rankness’.,She answered her accusers calmly and without rancor.,Latin
tantamount,Rare,adjective,Equivalent in seriousness to; virtually the same as.,,From Italian tanto ‘so much’ + ammontare ‘to amount to’.,His silence was tantamount to an admission of guilt.,Italian
wheedle,Rare,verb,To employ endearments or flattery to persuade someone to do something or give one something.,,"Of uncertain origin, perhaps from Old English.",She managed to wheedle another piece of cake from her mother.,Old English
yokel,Rare,noun,An uneducated and unsophisticated person from the countryside.,,"Of unknown origin, first recorded in the 19th century.",The city folk looked down on the yokel.,Other
zealot,Rare,noun,"A person who is fanatical and uncompromising in pursuit of their religious, political, or other ideals.",One who is zealous on behalf of a cause,"From Greek zēlōtēs, from zēlos ‘zeal’.",He was a zealot for environmental causes.,Greek
capitulate,Rare,verb,Cease to resist an opponent or an unwelcome demand; surrender.,,"From Latin capitulatus, from capitulum ‘chapter, heading’.",The enemy was forced to capitulate unconditionally.,Latin
deleterious,Rare,adjective,Causing harm or damage.,,From Greek dēlētērios ‘noxious’.,Divorce is assumed to have deleterious effects on children.,Greek
effrontery,Rare,noun,Insolent or impertinent behavior.,,"From French effronterie, from effronté ‘shameless’.",He had the effrontery to challenge the decision.,French
hapless,Rare,adjective,(Especially of a person) unfortunate.,Having no luck; unfortunate,From Old Norse happ ‘good luck’.,The hapless passengers were stranded at the airport.,Norse
kaleidoscope,Rare,noun,A constantly changing pattern or sequence of objects or elements.,A succession of changing phases or actions,From Greek kalos ‘beautiful’ + eidos ‘form’ + skopein ‘to look at’.,The city lights formed a kaleidoscope of colors.,Greek
misanthrope,Rare,noun,A person who dislikes humankind and avoids human society.,A person who hates or distrusts humankind,"From Greek misanthrōpos, from misein ‘to hate’ + anthrōpos ‘man’.",The old man was a misanthrope who lived alone.,Greek
neophyte,Rare,noun,"A person who is new to a subject, skill, or belief.",A person newly converted to a belief,From Greek neophutos ‘newly planted’.,"As a neophyte, she still had much to learn.",Greek
panacea,Rare,noun,A solution or remedy for all difficulties or diseases.,A remedy for all ills or difficulties,"From Greek panakeia, from pan ‘all’ + akos ‘remedy’.",There is no single panacea for the world's economic problems.,Greek
penchant,Rare,noun,A strong or habitual liking for something or tendency to do something.,A strong and continued inclination,From French penchant ‘leaning’.,She has a penchant for chocolate.,French
querulous,Rare,adjective,Complaining in a petulant or whining manner.,Given to complaining; peevish,"From Latin querulus, from queri ‘to complain’.",The querulous old woman was never satisfied.,Latin
raconteur,Rare,noun,A person who tells anecdotes in a skillful and amusing way.,A person skilled in telling stories,From French.,She was a brilliant raconteur.,French
surreptitious,Rare,adjective,"Kept secret, especially because it would not be approved of.","Kept secret, especially for improper purposes","From Latin surreptitius, from surripere ‘seize secretly’.",They carried on a surreptitious affair.,Latin
tenuous,Rare,adjective,Very weak or slight.,Having little substance or strength,From Latin tenuis ‘thin’.,The link between them was tenuous.,Latin
winsome,Rare,adjective,Attractive or appealing in appearance or character.,Fresh and innocently charming,"From Old English wynsum, from wynn ‘joy’.",She had a winsome smile.,Old English
adamant,Rare,adjective,Refusing to be persuaded or to change one's mind.,,From Greek adamas ‘untameable’.,He is adamant that he is not going to resign.,Greek
bombastic,Rare,adjective,High-sounding but with little meaning; inflated.,,From Middle French bombaste ‘cotton padding’.,His bombastic rhetoric concealed his lack of ideas.,French
cacophony,Rare,noun,"A harsh, discordant mixture of sounds.",,"From Greek kakophōnia, from kakos ‘bad’ + phōnē ‘voice’.",A cacophony of car horns filled the air.,Greek
didactic,Rare,adjective,"Intended to teach, particularly in having moral instruction as an ulterior motive.",,"From Greek didaktikos, from didaskein ‘to teach’.",The novel had a didactic purpose.,Greek
gregarious,Rare,adjective,(Of a person) fond of company; sociable.,,"From Latin gregarius, from grex ‘flock’.",He was a popular and gregarious man.,Latin
ignominious,Rare,adjective,Deserving or causing public disgrace or shame.,,"From Latin ignominiosus, from ignominia ‘disgrace’.",It was an ignominious end to his career.,Latin
ostensible,Rare,adjective,"Stated or appearing to be true, but not necessarily so.",,"From French ostensible, from Latin ostendere ‘to show’.",The ostensible reason for his visit was to see his parents.,Latin
palpable,Rare,adjective,(Of a feeling or atmosphere) so intense as to seem almost tangible.,,"From late Latin palpabilis, from palpare ‘to feel’.",There was a palpable sense of relief in the room.,Latin
quiescent,Rare,adjective,In a state or period of inactivity or dormancy.,,"From Latin quiescent-, from quiescere ‘be quiet’.",The volcano had been quiescent for centuries.,Latin
redolent,Rare,adjective,Strongly reminiscent or suggestive of (something).,,"From Latin redolent-, from redolere ‘emit a scent’.",The air was redolent of pine needles.,Latin
saturnine,Rare,adjective,Slow and gloomy.,,From Latin saturninus ‘of Saturn’.,His saturnine disposition made him difficult to befriend.,Latin
truculent,Rare,adjective,Eager or quick to argue or fight; aggressively defiant.,,"From Latin truculentus, from trux ‘fierce’.",His truculent attitude alienated many people.,Latin
umbrage,Rare,noun,Offense or annoyance.,,From French ombrage ‘shade’.,She took umbrage at his remarks.,French
vacillate,Rare,verb,Alternate or waver between different opinions or actions; be indecisive.,,"From Latin vacillat-, from vacillare ‘sway to and fro’.",She vacillated between the two options.,Latin
wistful,Rare,adjective,Having or showing a feeling of vague or regretful longing.,,From wistly ‘attentively’.,She cast a wistful glance at the departing train.,Other
cogitate,Rare,verb,"Think deeply about something, meditate or reflect",,"From Latin cogitatus, past participle of cogitare ""to think"", from co- ""together"" + agitare ""to turn over, consider"".",,Latin
aphorism,Rare, noun      ,"a pithy observation that contains a general truth, such as, “if it ain't broke, don't fix it.”.                                                                                                                                                                                                                                                                                                                                                                                                                                                                                                                                                                                                                          ",,"From Greek aphorismos ""definition, pithy sentence"", from aphorizein ""to mark off, divide"".",,Greek
placate,Rare, adjective ,make someone less angry or hostile,,"From Latin placatus, past participle of placare ""to calm, appease"".",,Latin
inimical,Rare, adjective ,Tending to obstruct or harm; unfriendly; hostile.,,"From Latin inimicalis, from inimicus ""enemy"", from in- ""not"" + amicus ""friend"".",,Latin
irascible,Rare, adjective ,"having or showing a tendency to be easily angered, very irritable                                                                                                                                                                                                                                                                                                                                                                                                                                                                                                                                                                                                                                                                                                                                                                                                                                                                                                                                    ",,"From Latin irascibilis, from irasci ""to be angry"", from ira ""anger"".",,Latin
numinous,Rare, adjective ,having a strong religious or spiritual quality; indicating or suggesting the presence of a divinity                                                                                                                                                                                                                                                                                                                                                                                                                                                                                                                                                                                                                                                                                                                                                                                                                                                                                           ,,"From Latin numinosus, from numen ""divine power"".",,Latin
oblique,Rare, adjective ,"not straightforward, indirect                                                                                                                                                                                                                                                                                                                                                                                                                                                                                                                                                                                                                                                                                                                                                                                                                                                                                                                                                                        ",,"From Latin obliquus ""slanting, sidelong, indirect"".",,Latin
pedantic,Rare, adjective ,Excessively concerned with minor details and rules or with displaying academic learning                                                                                                                                                                                                                                                                                                                                                                                                                                                                                                                                                                                                                                                                                                                                                                                                                                                                                                              ,,"From French pédantique, from Italian pedante ""teacher, schoolmaster"".",,French
reticent,Rare, adjective , Reluctant to share ones thoughts and feelings                                                                                                                                                                                                                                                                                                                                                                                                                                                                                                                                                                                                                                                                                                                                                                                                                                                                                                                                                        ,,"From Latin reticent- ""remaining silent"", from the verb reticere, from re- (expressing intensive force) + tacere ""be silent"".",,Latin
salutary,Rare, adjective ," producing good effects; beneficial,(especially with reference to something unwelcome                                                                                                                                                                                                                                                                                                                                                                                      ",,"From Latin salutaris ""health-giving"", from salus, salut- ""health"".",,Latin
semantic,Rare, adjective ," The meaning of a word, phrase, sentence or text                                                                                                                                                                                                                                                                                                                                                                                                                                                                                                                                                                                                                                                                                                                                                                                                                                                                                                                                                      ",,"From French sémantique, from Greek sēmantikos ""significant"", from sēmainein ""to show, signify"", from sēma ""sign"".",,Greek
vexatious,Rare, adjective ,"causing or tending to cause annoyance, frustration, or worry.",,"From Latin vexare ""to shake, disturb, harass"".",,Latin
vicariously,Rare, adjective , in a way that is experienced in the imagination through the actions of another person.                                                                                                                                                                                                                                                                                                                                                                                                                                                                                                                                                                                                                                                                                                                                                                                                                                                                                                               ,,"From Latin vicarius ""substitute"", from vicis ""change, alternation"".",,Latin
vicissitude,Rare, noun      ," a change of circumstances or fortune, typically one that is unwelcome                                                                                                                                                                                                                                                                              ",A difficulty or hardship attendant on a way of life or career,"From Latin vicissitudo, from vicissim ""by turns"", from vicis ""change"".",,Latin
histrionic,Rare, adjective ,overly theatrical or melodramatic in character or style                                                                                                                                                                                                                                                                                                                                                                                                                                                                                                                                                                                                                                                                       ,Deliberately affected or theatrical,"From Latin histrionicus ""pertaining to an actor"", from histrio ""actor"".",,Latin
acerbic,Rare, adjective , (especially of a comment or style of speaking) sharp and forthright                                                                                                                                                                                                                                                                                                                                                                                                                                                                                                                                                                                                                                                   ,,"From Latin acerbus ""bitter, harsh, sour"", from acer ""sharp"".",,Latin
bellicose,Rare,adjective, Demonstrating aggression and willingness to fight                                                                                                                                                                                                                                                                                                                                                                                                                                                                                                                                                                                                                                                                                                                                                                                                                                                                                                                                                    ,,"From Latin bellicosus, from bellicus ""of war"", from bellum ""war"".",,Latin
atavistic,Rare,adjective, Relating to or characterized by reversion to something ancient or ancestral                                                                                                                                                                                                                                                                                                                                                                                                                                                                                                                                                                                                                                                                                                                                                                                                                                                                                                                          ,,"From Latin atavus ""ancestor"", from at- (beyond) + avus ""grandfather"".",,Latin
hegemony,Rare,noun,"leadership or dominance, especially by one country or social group over others. ",,"From Greek hegemonia ""leadership, rule"", from hegemon ""leader"".",,Greek
obdurate,Rare,adjective, Stubbornly refusing to change one's opinion                                                                                                                                                                                                                                                                                                                                                                                                                                                                                                                                                                                                                                                                                                                                                                                                                                                                                                                                                       ,"Impervious to persuasion, especially to moral persuasion","From Latin obduratus ""hardened"", past participle of obdurare ""to harden"".",,Latin
perfidious,Rare,adjective, Deceitful and untrustworthy                                                                                                                                                                                                                                                                                                                                                                                                                                                                                                                                                                                                                                                                                                                                                                                                                                                                                                                                                                       ,,"From Latin perfidiosus, from perfidia ""treachery"", from perfidus ""faithless"", from per- ""through"" + fides ""faith"".",,Latin
turpitude,Rare,adjective,depravity; wickedness,,"From Latin turpitudo ""baseness"", from turpis ""vile, base, shameful"".",,Latin
inveterate,Rare,adjective,"having a particular habit, activity, or interest that is long-established and unlikely to change ",,"From Latin inveteratus ""of long standing"", past participle of inveterare ""to make old"", from in- ""in"" + vetus ""old"".",,Latin
putative,Rare,adjective,generally considered or reputed to be,,"From Latin putativus, from putare ""to consider, suppose"".",,Latin
schadenfreude,Rare,noun,pleasure derived by someone from another person's misfortune.,,"From German Schadenfreude, from Schaden ""harm"" + Freude ""joy"".",,German
rigamarole,Rare,noun,an elaborate or complicated procedure ,,"Alteration of ragman roll, a document with many seals, later used for a long list or catalog.",,Other
byzantine,Rare,adjective,highly complex or intricate and occasionally devious,,"From Byzantine, relating to Byzantium (Constantinople), known for complex administration and intrigue.",,Greek
anachronistic,Rare,adjective,belonging to a period other than that being portrayed,,"From Greek anakhronismos, from ana- ""against"" + khronos ""time"".",,Greek
luddite,Rare,noun,a person opposed to new technology or ways of working,,"From the Luddites, 19th-century English workers who destroyed machinery that threatened their jobs.",,Other
sophism,Rare,noun,"a clever but false argument, especially one used deliberately to deceive",,"late Middle English, from Old French sophime, via Latin from Greek sophisma ‘clever device’",,Greek
chagrin,Rare,noun,annoyance or distress at having failed or been humiliated,,"From French chagrin ""melancholy, anxiety"", possibly from Old French graigne ""sadness"".",,French
festoon,Rare,verb,"adorn with chains, garlands, or other decorations",,"From French feston, from Italian festone ""a festoon"", from festa ""feast"".",,French
turgid,Rare,adjective,swollen and distended or congested,,"From Latin turgidus ""swollen"", from turgere ""to swell"".",,Latin
penury,Rare,noun,Extreme poverty; destitution.,,"From Latin penuria ""want, need, scarcity"".",,Latin
pejorative,Rare,adjective,Expressing contempt or disapproval.,,"From French péjoratif, from Latin pejorare ""to make worse"", from pejor ""worse"".",,Latin
solicitude,Rare,noun,Care or concern for someone or something.,,"From Latin sollicitudo, from sollicitus ""anxious"", from sollus ""entire"" + citus ""aroused"".",,Latin
convivial,Rare,adjective,"Friendly, lively, and enjoyable; (of a person) cheerful and friendly; jovial.",,"From Latin convivialis, from convivium ""a feast"", from con- ""with"" + vivere ""to live"".",,Latin
admonish,Rare,verb,Warn or reprimand someone firmly.,,"From Latin admonere ""to remind, warn"", from ad- ""to"" + monere ""warn"".",,Latin
myopic,Rare,adjective,lacking foresight or intellectual insight,,"From Greek myōpia, from myōps ""short-sighted"", from myein ""to shut"" + ōps ""eye"".",,Greek
egregious,Rare,adjective,Outstandingly bad; shocking.,,"From Latin egregius ""outstanding"", from e- ""out of"" + grex, greg- ""flock"".",,Latin
dilettante,Rare,noun,A person who cultivates an area of interest without real commitment or knowledge.,,"From Italian dilettante ""lover of the arts"", from dilettare ""to delight"", from Latin delectare.",,Italian
chauvinist,Rare,noun,A person displaying aggressive or exaggerated patriotism; a person displaying excessive or prejudiced support for their own cause or group.,,"From French chauvinisme, named after Nicolas Chauvin, a legendary French soldier and patriot.",,French
jingoism,Rare,noun,"Extreme patriotism, especially in the form of aggressive or warlike foreign policy.",,"From jingo, a word used in a popular song supporting British policy during the Russo-Turkish War (1877–78).",,Other
prosaic,Rare,adjective,Having the style or diction of prose; lacking poetic beauty; commonplace; unromantic.,,"From Latin prosaicus, from prosa ""prose"".",,Latin
apotheosis,Rare,noun,The elevation of someone to divine status; the highest point in the development of something; culmination or climax.,,"From Greek apotheōsis ""deification"", from apotheoun ""deify"", from apo- ""completely"" + theos ""god"".",,Greek
ambivalent,Rare,adjective,Having mixed feelings or contradictory ideas about something or someone.,,"From Latin ambi- ""both"" + valentia ""strength"", from valere ""be strong"".",,Latin
beguiling,Rare,adjective,"Charming or enchanting, often in a deceptive way.",,"From Middle Dutch begīlen ""to deceive"".",,Dutch
treacle,Rare,noun,"A thick, sticky dark syrup made from partly refined sugar; cloying sentimentality or flattery.",,"From Middle English triacle ""antidote"", via Old French from Latin theriaca, from Greek thēriakē ""antidote against a poisonous bite"".",,Greek
sartorial,Rare,adjective,"Relating to tailoring, clothes, or style of dress.",,"From Latin sartor ""tailor"", from sarcire ""to patch, mend"".",,Latin
aegis,Rare,noun,"The protection, backing, or support of a particular person or organization.",,"From Greek aigis, the shield of Zeus or Athena.",,Greek
indomitable,Rare,adjective,Impossible to subdue or defeat.,,"From Latin indomitabilis, from in- ""not"" + domitare ""to tame"".",,Latin
equivocation,Rare,noun,The use of ambiguous language to conceal the truth or to avoid committing oneself; prevarication.,,"From Late Latin aequivocationem, from aequivocus ""ambiguous"", from aequus ""equal"" + vocare ""to call"".",,Latin
forbearance,Rare,noun,Patient self-control; restraint and tolerance.,,"From Old English forberan ""to bear, endure"", from for- + beran ""to bear"".",,Old English
feckless,Rare,adjective,Lacking initiative or strength of character; irresponsible.,,"From Scottish feck ""effect, value"", from Middle English fek, shortened from effect + -less.",,Scottish
esoteric,Rare,adjective,Intended for or likely to be understood by only a small number of people with a specialized knowledge or interest.,,"From Greek esōterikos ""belonging to an inner circle"", from esōterō ""more within"", comparative of esō ""within"".",,Greek
sidle,Rare,verb,"Walk in a furtive, unobtrusive, or timid manner, especially sideways or obliquely.",,From side + -le (frequentative suffix).,,Other
depredation,Rare,noun,An act of attacking or plundering.,,"From Latin depraedatio(n-), from the verb depraedari, from de- ""completely"" + praedari ""plunder"".",,Latin
astringent,Rare,adjective,"Causing the contraction of body tissues, typically of the skin; severe or stern in manner.",,"From Latin astringent- ""binding"", from the verb astringere, from ad- ""to"" + stringere ""to bind"".",,Latin
stolid,Rare,adjective,"Calm, dependable, and showing little emotion or animation.",,"From Latin stolidus ""dull, slow"".",,Latin
goad,Rare,verb,Provoke or annoy (someone) so as to stimulate some action or reaction.,,"From Old English gad ""a spike"", of Germanic origin.",,Old English
diffident,Rare,adjective,Modest or shy because of a lack of self-confidence.,,"From Latin diffident- ""lacking confidence"", from the verb diffidere, from dis- ""away"" + fidere ""to trust"".",,Latin
evanescent,Rare,adjective,"Soon passing out of sight, memory, or existence; quickly fading or disappearing.",,"From Latin evanescent- ""disappearing"", from the verb evanescere, from e- ""out of"" + vanescere ""vanish"".",,Latin
ostentatious,Rare,adjective,Characterized by vulgar or pretentious display; designed to impress or attract notice.,,"From French ostentatieux, from Latin ostentatio(n-) ""display"", from the verb ostentare, frequentative of ostendere ""to show"".",,Latin
ribald,Rare,adjective,Referring to sexual matters in an amusingly rude or irreverent way.,,"From Old French ribauld ""rogue, rascal"", from riber ""to be wanton"", of Germanic origin.",,French
arable,Rare,adjective,(Of land) used or suitable for growing crops.,,"From Latin arabilis, from arare ""to plow"".",,Latin
eponymous,Rare,adjective,"Giving one's name to a person, place, or thing.",,"From Greek epōnumos ""given as a name, giving one's name to someone or something"", from epi ""upon"" + onoma ""name"".",,Greek
bilk,Rare,verb,Cheat or defraud (someone).,,"Perhaps from Old English *bilican ""to deceive"", or from the card game of cribbage, where it meant ""to spoil someone's score"".",,Old English
pastiche,Rare,noun,"An artistic work in a style that imitates that of another work, artist, or period.",,"From French, from Italian pasticcio, from pasta ""paste"".",,French
inscrutable,Rare,adjective,Impossible to understand or interpret.,,"From Latin inscrutabilis, from in- ""not"" + scrutari ""to examine"".",,Latin
verisimilitude,Rare,noun,The appearance of being true or real.,,"From Latin verisimilitudo, from verisimilis ""probable"", from veri (genitive of verus ""true"") + similis ""like"".",,Latin
auspicious,Rare,adjective,Conducive to success; favorable.,,"From Latin auspicium ""divination by observing birds"", from auspex ""bird seer"".",,Latin
stygian,Rare,adjective,"Relating to the River Styx; extremely dark, gloomy, or forbidding.",,"From Latin Stygius, from Greek Stugios, from Stux, Stug- ""Styx"" (a river of the underworld).",,Greek
enmity,Rare,noun,The state or feeling of being actively opposed or hostile to someone or something.,,"From Old French enemite, from Latin inimicitas, from inimicus ""enemy"".",,Latin
antipathy,Rare,noun,A deep-seated feeling of dislike; aversion.,,"From Greek antipatheia, from anti- ""against"" + pathos ""feeling"".",,Greek
propitious,Rare,adjective,Giving or indicating a good chance of success; favorable.,,"From Latin propitius ""favorable"".",,Latin
beatific,Rare,adjective,Showing or producing exalted joy or blessedness.,,"From Latin beatificus, from beatus ""blessed"" + -ficus ""-making"".",,Latin
idiosyncrasy,Rare,noun,A distinctive or peculiar feature or characteristic of a place or thing; a peculiarity of constitution or temperament.,,"From Greek idiosunkrasia, from idios ""own, private"" + sunkrasis ""mixture, temperament"".",,Greek
portent,Rare,noun,"A sign or warning that something, especially something momentous or calamitous, is likely to happen.",,"From Latin portentum ""omen, token"", from portendere ""to foretell"".",,Latin
inure,Rare,verb,"Accustom (someone) to something, especially something unpleasant.",,"From Middle English inure ""to come into use"", from in- + ure ""use, practice"".",,Other
indigent,Rare,adjective,Poor; needy.,,"From Latin indigent- ""lacking"", from the verb indigere, from indu- ""within"" + egere ""to need"".",,Latin
usurp,Rare,verb,Take (a position of power or importance) illegally or by force.,,"From Latin usurpare ""to take possession of without legal claim"".",,Latin
sentient,Rare,adjective,Able to perceive or feel things.,,"From Latin sentient- ""feeling"", from the verb sentire.",,Latin
affective,Rare,adjective,"Relating to moods, feelings, and attitudes.",,"From Latin affect- ""influenced, affected"", from the verb afficere, from ad- ""to"" + facere ""to make"".",,Latin
replete,Rare,adjective,Filled or well-supplied with something.,,"From Latin repletus ""filled up"", past participle of replere, from re- ""again"" + plere ""to fill"".",,Latin
facile,Rare,adjective,(Especially of a theory or argument) appearing neat and comprehensive only by ignoring the true complexities of an issue; superficial.,,"From Latin facilis ""easy"", from facere ""to make"".",,Latin
rarefied,Rare,adjective,"(Of air, especially that at high altitudes) of lower pressure than usual; thin; (of a subject or environment) only for or understood by a small number of people with specialized knowledge.",,"From Latin rarus ""thin, sparse"" + facere ""to make"".",,Latin
austere,Rare,adjective,"Severe or strict in manner, attitude, or appearance; having no comforts or luxuries; harsh or ascetic.",,"From Latin austerus, from Greek austēros ""harsh, severe"".",,Greek
aplomb,Rare,noun,"Self-confidence or assurance, especially when in a demanding situation.",,"From French à plomb ""according to a plumb line"", from à ""to"" + plomb ""lead weight"".",,French
pariah,Rare,noun,An outcast; a person who is rejected from society or home.,,"From Tamil paraiyar, plural of paraiyan ""drummer"" (as the name of a caste of low status).",,Tamil
somatic,Rare,adjective,"Relating to the body, especially as distinct from the mind.",,"From Greek sōmatikos, from sōma ""body"".",,Greek
deign,Rare,verb,Do something that one considers to be beneath one's dignity.,,"From Old French deignier, from Latin dignari ""to consider worthy"", from dignus ""worthy"".",,Latin
pantheon,Rare,noun,"All the gods of a people or religion collectively; a temple dedicated to all the gods; a group of particularly respected, famous, or important people.",,"From Greek pantheion ""temple of all the gods"", from pan ""all"" + theion ""of the gods"".",,Greek
remonstrate,Rare,verb,Make a forcefully reproachful protest.,,"From medieval Latin remonstratus, past participle of remonstrare, from re- (expressing opposition) + monstrare ""to show"".",,Latin
alacrity,Rare,noun,Brisk and cheerful readiness.,,"From Latin alacritas, from alacer ""brisk, lively"".",,Latin
amorphous,Rare,adjective,Without a clearly defined shape or form.,,"From Greek amorphos ""shapeless"", from a- ""without"" + morphē ""form"".",,Greek
bereft,Rare,adjective,"Deprived of or lacking something, especially a non-material asset.",,"Past participle of bereave, from Old English bereafian, from be- + reafian ""to rob, plunder"".",,Old English
cajole,Rare,verb,Persuade (someone) to do something by sustained coaxing or flattery.,,"From French cajoler, perhaps from Picard ""to chatter like a jay"", from gajole ""cage"".",,French
cavort,Rare,verb,Jump or dance around excitedly.,,"Perhaps from curvet, from Italian corvetta ""a leap"", from Latin curvus ""curved"".",,Other
commensurate,Rare,adjective,Corresponding in size or degree; in proportion.,,"From Latin commensuratus, from com- ""together"" + mensuratus ""measured"".",,Latin
compunction,Rare,noun,A feeling of guilt or moral scruple that prevents or follows the doing of something bad.,,"From Latin compunctio(n-), from the verb compungere, from com- ""together"" + pungere ""to prick"".",,Latin
eclectic,Rare,adjective,"Deriving ideas, style, or taste from a broad and diverse range of sources.",,"From Greek eklektikos, from eklektos ""selected"", from eklegein ""to select"", from ek ""out"" + legein ""to choose"".",,Greek
duress,Rare,noun,"Threats, violence, constraints, or other action brought to bear on someone to do something against their will or better judgment.",,"From Old French duresse, from Latin duritia ""hardness"", from durus ""hard"".",,Latin
equivocal,Rare,adjective,Open to more than one interpretation; ambiguous.,,"From late Latin aequivocus, from aequi- ""equally"" + vocare ""to call"".",,Latin
extol,Rare,verb,Praise enthusiastically.,,"From Latin extollere ""to raise up, elevate"", from ex- ""up"" + tollere ""to raise"".",,Latin
impetuous,Rare,adjective,Acting or done quickly and without thought or care.,,"From late Latin impetuosus, from impetus ""attack"".",,Latin
inexorable,Rare,adjective,Impossible to stop or prevent.,,"From Latin inexorabilis, from in- ""not"" + exorabilis ""able to be entreated"", from exorare ""to prevail upon"".",,Latin
insidious,Rare,adjective,"Proceeding in a gradual, subtle way, but with harmful effects.",,"From Latin insidiosus, from insidiae ""ambush"", from insidere ""to lie in wait for"", from in- ""in"" + sedere ""to sit"".",,Latin
ostracize,Rare,verb,Exclude (someone) from a society or group.,,"From Greek ostrakizein, from ostrakon ""tile, potsherd"" (used as a voting tablet).",,Greek
presage,Rare,verb,"Be a sign or warning of (an imminent event, typically an unwelcome one).",,"From Latin praesagium, from praesagire ""to forebode"", from prae ""before"" + sagire ""perceive keenly"".",,Latin
relegate,Rare,verb,Assign an inferior rank or position to.,,"From Latin relegatus, past participle of relegare ""to send away, banish"", from re- ""back"" + legare ""to send"".",,Latin
vestigial,Rare,adjective,Forming a very small remnant of something that was once much larger or more noticeable.,,"From Latin vestigium ""footprint, trace"".",,Latin
vitriol,Rare,noun,Bitter criticism or malice.,,"From Latin vitriolum ""sulfuric acid"", from vitrum ""glass"".",,Latin
serene,Uncommon,adjective,"Calm, peaceful, and untroubled.",,"From Latin serenus 'clear, unclouded.'",The lake was serene in the early morning.,Latin
gleam,Uncommon,verb,"Shine brightly, especially with reflected light.",,"Old English glǣm 'brightness, splendor.'",A gleam of sunlight broke through the clouds.,Old English
mirth,Uncommon,noun,"Amusement, especially as expressed in laughter.",,"Old English myrgth 'joy, pleasure.'",The room was filled with the mirth of children.,Old English
ponder,Uncommon,verb,Think about something carefully.,,"From Latin ponderare 'weigh, consider.'",He sat to ponder the meaning of life.,Latin
brisk,Uncommon,adjective,"Active, fast, and energetic.",,"Origin unknown, perhaps imitative.",She took a brisk walk in the park.,Other
dwell,Uncommon,verb,Live in or at a specified place.,,"Old English dwellan 'lead astray, hinder.'",They dwell in a small cottage by the sea.,Old English
humble,Uncommon,adjective,Having or showing a modest or low estimate of one's importance.,,"From Latin humilis 'low, lowly.'",She remained humble despite her success.,Latin
nimble,Uncommon,adjective,Quick and light in movement or action.,,Old English nǣmel 'quick to seize.',The cat was nimble as it leapt onto the wall.,Old English
glean,Uncommon,verb,Collect gradually and bit by bit.,,"From Old French glener, from Latin glennare 'make a collection.'",She gleaned information from various sources.,French
fret,Uncommon,verb,Be constantly or visibly worried or anxious.,,Old English fretan 'devour.',Don't fret; everything will be fine.,Old English
sturdy,Uncommon,adjective,Strongly and solidly built.,,From Old French estourdi 'dazed.',The sturdy table held all the dishes.,French
keen,Uncommon,adjective,Having or showing eagerness or enthusiasm.,,"Old English cene 'bold, brave.'",She has a keen interest in science.,Old English
bask,Uncommon,verb,"Lie exposed to warmth and light, typically from the sun.",,Old Norse bask 'to bathe.',The lizard basked in the sun.,Other
quaint,Uncommon,adjective,Attractively unusual or old-fashioned.,,"From Old French cointe 'clever, cunning.'",They stayed in a quaint little village.,French
lurk,Uncommon,verb,Remain hidden so as to wait in ambush.,,Middle English lorken 'to lie hidden.',The cat would lurk in the shadows.,Other
amble,Uncommon,verb,"Walk or move at a slow, relaxed pace.",,Old French ambler 'to walk as a horse does.',They amble along the riverbank.,French
dusk,Uncommon,noun,The darker stage of twilight.,,Old English dox 'dark.',The streetlights flickered on at dusk.,Old English
spry,Uncommon,adjective,"Active; lively, especially for one's age.",,Origin unknown.,The spry old man danced with the children.,Other
fable,Uncommon,noun,"A short story, typically with animals as characters, conveying a moral.",,From Latin fabula 'story.',The tortoise and the hare is a famous fable.,Latin
harbor,Uncommon,noun,A place on the coast where vessels may find shelter.,,"Old English herebeorg 'shelter, lodging.'",The ship sailed into the harbor.,Old English
idle,Uncommon,adjective,Not active or in use.,,"Old English īdel 'empty, useless.'",The factory stood idle for months.,Old English
jolly,Uncommon,adjective,Happy and cheerful.,,From Old French jolif 'festive.',He was in a jolly mood.,French
kindle,Uncommon,verb,Light or set on fire.,,Old Norse kynda 'to kindle.',She kindled a fire in the hearth.,Other
lively,Uncommon,adjective,Full of life and energy.,,Old English līflic 'living.',The market was lively with activity.,Old English
meadow,Uncommon,noun,"A piece of grassland, especially one used for hay.",,Old English mǣdwe 'meadow.',Cows grazed in the meadow.,Old English
notion,Uncommon,noun,A conception of or belief about something.,,From Latin notio 'idea.',She had a notion to try skydiving.,Latin
plush,Uncommon,adjective,Richly luxurious and expensive.,,From French peluche 'plush.',They stayed in a plush hotel.,French
stroll,Uncommon,verb,Walk in a leisurely way.,,"Origin unknown, perhaps from German strollen 'to loaf.'",They strolled through the park.,Other
utter,Uncommon,verb,Make (a sound) with one's voice.,,Old English utera 'outer.',He uttered a sigh of relief.,Old English
whim,Uncommon,noun,A sudden desire or change of mind.,,"Origin unknown, perhaps from whim-wham 'fanciful object.'",She left on a whim.,Other
yarn,Uncommon,noun,"A long, often elaborate narrative of real or fictitious adventures.",,Old English gearn 'spun fiber.',He spun a yarn about his travels.,Old English
zeal,Uncommon,noun,Great energy or enthusiasm.,,From Greek zēlos 'ardor.',She worked with great zeal.,Greek
glee,Uncommon,noun,Great delight.,,"Old English gléo 'entertainment, music.'",She clapped her hands in glee.,Old English
dandy,Uncommon,adjective,Excellent; first-rate.,,"Origin unknown, perhaps from French.",He looked dandy in his new suit.,French
eager,Uncommon,adjective,Strongly wanting to do or have something.,,Old English eagor 'sharp.',The children were eager for the trip.,Old English
fancy,Uncommon,verb,Feel a desire or liking for.,,From Old French fantasie 'imagination.',Do you fancy a cup of tea?,French
gleam,Uncommon,noun,A flash or beam of light.,,"Old English glǣm 'brightness, splendor.'",A gleam of hope shone in his eyes.,Old English
jolt,Uncommon,verb,Push or shake abruptly and roughly.,,Origin unknown.,The bus jolted to a stop.,Other
knack,Uncommon,noun,An acquired or natural skill at performing a task.,,From Middle English knak 'sharp sound.',She has a knack for painting.,Other
latch,Uncommon,verb,Fasten (a door or gate) with a latch.,,Old English læcce 'fastening.',He latched the gate behind him.,Old English
mellow,Uncommon,adjective,Pleasingly smooth or soft; free from harshness.,,"From Old English melu 'meal, flour.'",The wine had a mellow flavor.,Old English
nifty,Uncommon,adjective,"Particularly good, skillful, or effective.",,Origin unknown.,That's a nifty gadget!,Other
plucky,Uncommon,adjective,Having or showing determined courage.,,From pluck 'courage.',The plucky puppy barked at the bigger dog.,Other
quirk,Uncommon,noun,A peculiar behavioral habit.,,Origin unknown.,He has a quirk of tapping his foot.,Other
rustic,Uncommon,adjective,Relating to the countryside; rural.,,From Latin rusticus 'of the country.',They enjoyed a rustic cabin retreat.,Latin
snug,Uncommon,adjective,"Comfortable, warm, and cozy.",,Origin unknown.,She felt snug under the blanket.,Other
twirl,Uncommon,verb,Spin quickly and lightly around.,,From Old French twirler 'to turn.',She twirled on the dance floor.,French
upbeat,Uncommon,adjective,Cheerful; optimistic.,,From up + beat.,He is always upbeat about the future.,Other
witty,Uncommon,adjective,Showing or characterized by quick and inventive verbal humor.,,From wit + -y.,She made a witty remark.,Other
yonder,Uncommon,adverb,At some distance in the direction indicated.,,"From Old English geond 'over, beyond.'",The mountains yonder are beautiful.,Old English
zest,Uncommon,noun,Great enthusiasm and energy.,,From French zeste 'orange or lemon peel.',She tackled the project with zest.,French
bloom,Uncommon,verb,Produce flowers; be in flower.,,Old Norse blóm 'flower.',The cherry trees bloom in April.,Other
clutch,Uncommon,verb,Grasp or seize (something) tightly or eagerly.,,Old English clyccan 'to clench.',She clutched her bag tightly.,Old English
dazzle,Uncommon,verb,Blind (a person) temporarily.,,From Old French daseler 'to daze.',The bright lights dazzled the audience.,French
flicker,Uncommon,verb,Shine unsteadily; vary rapidly in brightness.,,Old English flicorian 'to flutter.',The candlelight flickered in the breeze.,Old English
glimpse,Uncommon,verb,See or perceive briefly or partially.,,From Middle English glimsen 'to shine faintly.',She glimpsed a deer in the woods.,Other
huddle,Uncommon,verb,Crowd together; nestle closely.,,Origin unknown.,The players huddled before the game.,Other
lofty,Uncommon,adjective,Of imposing height.,,"From Old Norse lopt 'air, sky.'",The cathedral has lofty ceilings.,Other
murmur,Uncommon,verb,"Say something in a low, soft, or indistinct voice.",,From Latin murmurare 'to murmur.',She murmured a reply.,Latin
nudge,Uncommon,verb,Prod (someone) gently with one's elbow.,,Origin unknown.,He nudged me and pointed to the sign.,Other
ogle,Uncommon,verb,Stare at in a lecherous manner.,,From Low German oeglen 'look at.',He ogles the desserts in the bakery window.,Other
prance,Uncommon,verb,Move with high springy steps.,,From Middle English prauncen.,The horse pranced around the field.,Other
swoop,Uncommon,verb,Move rapidly downward through the air.,,From Middle English swopen 'to sweep.',The hawk swooped down on its prey.,Other
tangle,Uncommon,verb,Twist together into a confused mass.,,From Old Norse tǫngull 'seaweed.',The wires were tangled behind the desk.,Other
usher,Uncommon,verb,Show or guide (someone) somewhere.,,From Old French ussier 'doorkeeper.',He ushered us into the theater.,French
wade,Uncommon,verb,Walk with effort through water or another substance.,,"Old English wadan 'to go, advance.'",They waded through the stream.,Old English
yelp,Uncommon,verb,"Utter a short, sharp cry.",,From Old English gielpan 'to boast.',The dog yelped in surprise.,Old English
zany,Uncommon,adjective,Amusingly unconventional and idiosyncratic.,,From Italian zanni 'comic figure.',He wore a zany costume to the party.,Other
lecher,Rare,noun,,,,,
hypochondriac,Rare,,,,,,
martinet,Exotic,,,,,,
mote,Uncommon,,,,,,
speck,Uncommon,,,,,,
myriad,Uncommon,,,,,,
sullen,Uncommon,,,,,,
fluke,Uncommon,,,,,,
torpid,Rare,,,,,,
antecedent,Rare,,,,,,
penultimate,Rare,,,,,,
troubadour,Uncommon,,,,,,
vehement,Rare,,,,,,
conjoint,Rare,,,,,,
satiate,Uncommon,,,,,,
haughty,Uncommon,,,,,,
reminisce,Uncommon,,,,,,
skulk,Uncommon,,,,,,
idiom,Rare,,,,,,
ostensible,Rare,,,,,,
fain,Rare,,,,,,
terminus,Rare,,,,,,
hectic,Uncommon,,,,,,
fathomless,Uncommon,,,,,,
bastion,Rare,,,,,,
unrequited,Rare,,,,,,
punctual,Uncommon,,,,,,
multitude,Rare,,,,,,
perpetual,Uncommon,,,,,,
saunter,Rare,,,,,,
wend,Rare,,,,,,
tenement,Rare,,,,,,
ample,Uncommon,,,,,,
vista,Uncommon,,,,,,
benevolent,Uncommon,,,,,,
altruism,Uncommon,,,,,,
frivolous,Uncommon,,,,,,
pulpit,Rare,,,,,,
paradox,Uncommon,,,,,,
reconnaissance,Uncommon,,,,,,
futile,Uncommon,,,,,,
daguerreotype,Exotic,,,,,,
pervade,Uncommon,,,,,,
froth,Uncommon,,,,,,
rapt,Rare,,,,,,
swash,Exotic,,,,,,
malignant,Rare,,,,,,
adulterous,Uncommon,,,,,,
scallop,Rare,,,,,,
splendor,Uncommon,,,,,,
pensive,Uncommon,,,,,,
plaudit,Rare,,,,,,
carouse,Rare,,,,,,
unalloyed,Rare,,,,,,
ruddy,Rare,,,,,,
falter,Uncommon,,,,,,
tableau,Rare,,,,,,
eunoia,Exotic,,,,,,
soiree,Uncommon,,,,,,
smoulder,Uncommon,,,,,,
nonchalance,Uncommon,,,,,,
yearning,Uncommon,,,,,,
edifice,Rare,,,,,,
reprobate,Exotic,,,,,,
peruse,Rare,,,,,,
copious,Uncommon,,,,,,
creed,Rare,,,,,,
audacity,Uncommon,,,,,,
cosmopolitan,Rare,,,,,,
menial,Rare,,,,,,
excursion,Uncommon,,,,,,
rapture,Uncommon,,,,,,
sojourn,Rare,,,,,,
hirsute,Exotic,,,,,,
falter,Uncommon,,,,,,
ishtmus,Rare,,,,,,
interstitial,Rare,,,,,,
latent,Rare,,,,,,
demure,Exotic,,,,,,
consolation,Uncommon,,,,,,
plummet,Uncommon,,,,,,
chromatic,Rare,,,,,,
balk,Rare,,,,,,
diligent,Uncommon,,,,,,
turbulent,Uncommon,,,,,,
waft,Rare,,,,,,
flaunt,Rare,,,,,,
roving,Uncommon,,,,,,
ardor,Rare,,,,,,
swarthy,Exotic,,,,,,
lore,Uncommon,,,,,,
apparition,Rare,,,,,,
volition,Rare,,,,,,
cusp,Rare,,,,,,
grotto,Rare,,,,,,
resounding,Uncommon,,,,,,
diastole,Exotic,,,,,,
maneouver,Uncommon,,,,,,
systole,Exotic,,,,,,
incontinent,Rare,,,,,,
untrodden,Rare,,,,,,
scant,Rare,,,,,,
scurry,Uncommon,,,,,,
bequeath,Rare,,,,,,
peremptory,Uncommon,,,,,,
infidel,Rare,,,,,,
tantalize,Rare,,,,,,
copulate,Rare,,,,,,
chastity,Rare,,,,,,
luscious,Rare,,,,,,
spontaneous,Uncommon,,,,,,
dissuade,Rare,,,,,,
heft,Rare,,,,,,
acrid,Rare,,,,,,
premontory,Exotic,,,,,,
hankering,Rare,,,,,,
plenum,Exotic,,,,,,
promulgation,Exotic,,,,,,
articulate,Uncommon,,,,,,
pismire,Exotic,,,,,,
exquisite,Uncommon,,,,,,
stucco,Rare,,,,,,
slovenly,Rare,,,,,,
gulch,Rare,,,,,,
undulate,Rare,,,,,,
cataract,Rare,,,,,,
husk,Rare,,,,,,
nucleus,Rare,,,,,,
bivouac,Rare,,,,,,
